{
    "loss": 2.0561790466308594,
    "accuracy": 0.7068965435028076
}